[
  {
    "value": "excelente",
    "synonyms": [
      "excelente",
      "5",
      "⭐⭐⭐⭐⭐"
    ]
  },
  {
    "value": "Muy satisfactorio",
    "synonyms": [
      "Muy satisfactorio",
      "4",
      "⭐⭐⭐⭐"
    ]
  },
  {
    "value": "Sobre la media",
    "synonyms": [
      "Sobre la media",
      "3",
      "⭐⭐⭐"
    ]
  },
  {
    "value": "Algo insatisfactorio",
    "synonyms": [
      "Algo insatisfactorio",
      "2",
      "⭐⭐"
    ]
  },
  {
    "value": "Muy pobre",
    "synonyms": [
      "Muy pobre",
      "1",
      "⭐"
    ]
  },
  {
    "value": "⭐Calificar PoS",
    "synonyms": [
      "⭐Calificar PoS"
    ]
  },
  {
    "value": "Calificar PoS",
    "synonyms": [
      "Calificar PoS"
    ]
  },
  {
    "value": "Tu Opinion",
    "synonyms": [
      "Tu Opinion"
    ]
  }
]