[
  {
    "id": "4c5bd15a-381f-4987-a28c-181616c90148",
    "data": [
      {
        "text": "1",
        "meta": "@sys.number",
        "alias": "orden",
        "userDefined": true
      },
      {
        "text": " ",
        "userDefined": false
      },
      {
        "text": "hamburguesa",
        "meta": "@sys.ignore",
        "userDefined": false
      },
      {
        "text": " a nombre de ",
        "userDefined": false
      },
      {
        "text": "leo",
        "meta": "@sys.any",
        "alias": "name",
        "userDefined": true
      },
      {
        "text": " ",
        "userDefined": false
      },
      {
        "text": "B",
        "meta": "@sys.location",
        "alias": "location",
        "userDefined": true
      },
      {
        "text": " C D ",
        "userDefined": false
      },
      {
        "text": "2",
        "meta": "@sys.number",
        "alias": "cel",
        "userDefined": true
      }
    ],
    "isTemplate": false,
    "count": 0,
    "lang": "es",
    "updated": 0
  },
  {
    "id": "0a2f1060-3fbd-4caa-8b0c-0e7999be49ef",
    "data": [
      {
        "text": "tsunami",
        "meta": "@sabor_hamburguesa",
        "alias": "sabor_hamburguesa",
        "userDefined": true
      }
    ],
    "isTemplate": false,
    "count": 1,
    "lang": "es",
    "updated": 0
  },
  {
    "id": "6151293c-f010-499b-a92a-231dd66371cb",
    "data": [
      {
        "text": "Picanha",
        "meta": "@sabor_hamburguesa",
        "alias": "sabor_hamburguesa",
        "userDefined": true
      }
    ],
    "isTemplate": false,
    "count": 1,
    "lang": "es",
    "updated": 0
  }
]