[
  {
    "id": "fad18ae3-e7d5-4037-95b9-d85b3a2317c6",
    "data": [
      {
        "text": "vegetariano",
        "meta": "@tipoComida",
        "alias": "tipoComida",
        "userDefined": false
      }
    ],
    "isTemplate": false,
    "count": 0,
    "lang": "es",
    "updated": 0
  },
  {
    "id": "1adee981-c9d9-4243-a1a1-d8b2ae4742bf",
    "data": [
      {
        "text": "Italiano",
        "meta": "@tipoComida",
        "alias": "tipoComida",
        "userDefined": true
      }
    ],
    "isTemplate": false,
    "count": 0,
    "lang": "es",
    "updated": 0
  },
  {
    "id": "e3adcaa2-2980-40a7-bbc0-73196485c866",
    "data": [
      {
        "text": "Mexicano",
        "meta": "@tipoComida",
        "alias": "tipoComida",
        "userDefined": true
      }
    ],
    "isTemplate": false,
    "count": 0,
    "lang": "es",
    "updated": 0
  },
  {
    "id": "3d2f6360-c12e-4ba9-bbb6-aadf5eb6ab20",
    "data": [
      {
        "text": "Pescado \u0026 Mariscos",
        "meta": "@tipoComida",
        "alias": "tipoComida",
        "userDefined": true
      }
    ],
    "isTemplate": false,
    "count": 0,
    "lang": "es",
    "updated": 0
  }
]