[
  {
    "value": "A",
    "synonyms": [
      "A"
    ]
  },
  {
    "value": "B",
    "synonyms": [
      "B"
    ]
  },
  {
    "value": "C",
    "synonyms": [
      "C"
    ]
  },
  {
    "value": "abc",
    "synonyms": [
      "abc"
    ]
  },
  {
    "value": "Hawaiian Airlines",
    "synonyms": [
      "Hawaiian Airlines"
    ]
  },
  {
    "value": "Alaska Airlines",
    "synonyms": [
      "Alaska Airlines"
    ]
  },
  {
    "value": "Delta Airlines",
    "synonyms": [
      "Delta Airlines"
    ]
  },
  {
    "value": "Tortas",
    "synonyms": [
      "Tortas"
    ]
  },
  {
    "value": "Donas",
    "synonyms": [
      "Donas"
    ]
  },
  {
    "value": "Sandiwches",
    "synonyms": [
      "Sandiwches"
    ]
  },
  {
    "value": "Ropa Intima Dama",
    "synonyms": [
      "Ropa Intima Dama"
    ]
  },
  {
    "value": "Calzon",
    "synonyms": [
      "Calzon"
    ]
  },
  {
    "value": "Bra",
    "synonyms": [
      "Bra"
    ]
  }
]