[
  {
    "value": "A",
    "synonyms": [
      "A"
    ]
  },
  {
    "value": "B",
    "synonyms": [
      "B"
    ]
  },
  {
    "value": "C",
    "synonyms": [
      "C"
    ]
  },
  {
    "value": "D",
    "synonyms": [
      "D"
    ]
  },
  {
    "value": "examen visuales",
    "synonyms": [
      "examen visuales",
      "examen de la vista",
      "examen de los ojos",
      "examen de optometria",
      "optometria",
      "examen computarizado"
    ]
  },
  {
    "value": "Oftalmologia",
    "synonyms": [
      "Oftalmologia"
    ]
  },
  {
    "value": "Lentes",
    "synonyms": [
      "Lentes",
      "anteojos",
      "lente monofocal",
      "lente policarbonato",
      "lente bifocal",
      "lente progresivo"
    ]
  }
]