[
  {
    "id": "986f0835-e522-4691-9515-fafa766c30fc",
    "data": [
      {
        "text": "BurguerLand",
        "meta": "@sys.ignore",
        "userDefined": false
      }
    ],
    "isTemplate": false,
    "count": 0,
    "lang": "es",
    "updated": 0
  },
  {
    "id": "9c4aff2d-54cc-407f-a20b-d3db9dfa27bd",
    "data": [
      {
        "text": "Hamburger Factory",
        "meta": "@sys.ignore",
        "userDefined": false
      }
    ],
    "isTemplate": false,
    "count": 0,
    "lang": "es",
    "updated": 0
  },
  {
    "id": "807b71e9-eaf8-4c95-81a4-56823dd4353c",
    "data": [
      {
        "text": "Delirio House",
        "meta": "@sys.ignore",
        "userDefined": false
      }
    ],
    "isTemplate": false,
    "count": 0,
    "lang": "es",
    "updated": 0
  }
]