[
  {
    "id": "b203eef5-12a0-4efe-92ef-dc498bd0bf1f",
    "data": [
      {
        "text": "👀 Ver Menú",
        "userDefined": false
      }
    ],
    "isTemplate": false,
    "count": 0,
    "lang": "es",
    "updated": 0
  },
  {
    "id": "91fc3fbb-dacc-42e9-a3fc-b839eff2529c",
    "data": [
      {
        "text": "ver menu",
        "userDefined": false
      }
    ],
    "isTemplate": false,
    "count": 0,
    "lang": "es",
    "updated": 0
  },
  {
    "id": "1d31a859-805b-4458-a095-58363d3c7b51",
    "data": [
      {
        "text": "🏍️ Pedir en línea",
        "userDefined": false
      }
    ],
    "isTemplate": false,
    "count": 0,
    "lang": "es",
    "updated": 0
  },
  {
    "id": "d5dedd76-026d-44cd-a0dd-12a55587c9e0",
    "data": [
      {
        "text": "pedir online",
        "userDefined": false
      }
    ],
    "isTemplate": false,
    "count": 0,
    "lang": "es",
    "updated": 0
  }
]