[
  {
    "id": "f741f986-0c38-49c0-96e1-a66d42351624",
    "data": [
      {
        "text": "🍔 ",
        "userDefined": false
      },
      {
        "text": "Hamburguesas",
        "meta": "@sys.location",
        "alias": "location",
        "userDefined": false
      }
    ],
    "isTemplate": false,
    "count": 0,
    "lang": "es",
    "updated": 0
  },
  {
    "id": "579f8761-4525-441e-835a-fbe618442cec",
    "data": [
      {
        "text": "burguer",
        "meta": "@sys.ignore",
        "userDefined": false
      }
    ],
    "isTemplate": false,
    "count": 0,
    "lang": "es",
    "updated": 0
  },
  {
    "id": "653423fb-5492-473e-961f-6296650976f1",
    "data": [
      {
        "text": "hamburguesa",
        "meta": "@sys.ignore",
        "userDefined": false
      }
    ],
    "isTemplate": false,
    "count": 0,
    "lang": "es",
    "updated": 0
  }
]