[
  {
    "id": "ac51ba25-2059-4745-bd57-6c0af1457dcc",
    "data": [
      {
        "text": "Parmegano",
        "meta": "@sabor_pizza",
        "alias": "sabor_pizza",
        "userDefined": true
      }
    ],
    "isTemplate": false,
    "count": 0,
    "lang": "es",
    "updated": 0
  },
  {
    "id": "bf38b5d3-c0c9-4561-8c77-33f992d1339f",
    "data": [
      {
        "text": "La Carnívora",
        "meta": "@sabor_pizza",
        "alias": "sabor_pizza",
        "userDefined": true
      }
    ],
    "isTemplate": false,
    "count": 0,
    "lang": "es",
    "updated": 0
  },
  {
    "id": "1f5cda0a-0f98-4a9b-bfa6-d0487ddd9ceb",
    "data": [
      {
        "text": "Veggie",
        "meta": "@sabor_pizza",
        "alias": "sabor_pizza",
        "userDefined": true
      }
    ],
    "isTemplate": false,
    "count": 0,
    "lang": "es",
    "updated": 0
  },
  {
    "id": "b0116242-4ca6-4d84-952b-3f53ba20a290",
    "data": [
      {
        "text": "Hot Marie",
        "meta": "@sabor_pizza",
        "alias": "sabor_pizza",
        "userDefined": true
      }
    ],
    "isTemplate": false,
    "count": 0,
    "lang": "es",
    "updated": 0
  },
  {
    "id": "b428727f-1c2a-47c1-b09d-d3f3df18e22c",
    "data": [
      {
        "text": "Royal Cheese",
        "meta": "@sabor_pizza",
        "alias": "sabor_pizza",
        "userDefined": true
      }
    ],
    "isTemplate": false,
    "count": 0,
    "lang": "es",
    "updated": 0
  },
  {
    "id": "77e6d21c-6784-4dfc-809e-dfd67ef4f8a9",
    "data": [
      {
        "text": "La Taqueña",
        "meta": "@sabor_pizza",
        "alias": "sabor_pizza",
        "userDefined": true
      }
    ],
    "isTemplate": false,
    "count": 0,
    "lang": "es",
    "updated": 0
  },
  {
    "id": "4ebae2d7-34fa-4455-9318-da67a5cc988f",
    "data": [
      {
        "text": "il capone",
        "meta": "@sabor_pizza",
        "alias": "sabor_pizza",
        "userDefined": true
      }
    ],
    "isTemplate": false,
    "count": 1,
    "lang": "es",
    "updated": 0
  },
  {
    "id": "21830bd4-d201-43ea-bb6a-e8e525f3f2a4",
    "data": [
      {
        "text": "any",
        "meta": "@sys.any",
        "alias": "sabor",
        "userDefined": true
      },
      {
        "text": " ",
        "userDefined": false
      },
      {
        "text": "A",
        "meta": "@sys.any",
        "alias": "name",
        "userDefined": true
      },
      {
        "text": " ",
        "userDefined": false
      },
      {
        "text": "B",
        "meta": "@sys.location",
        "alias": "location",
        "userDefined": true
      },
      {
        "text": " C D ",
        "userDefined": false
      },
      {
        "text": "1",
        "meta": "@sys.number",
        "alias": "number",
        "userDefined": true
      },
      {
        "text": " ",
        "userDefined": false
      },
      {
        "text": "2",
        "meta": "@sys.number",
        "alias": "cel",
        "userDefined": true
      },
      {
        "text": " ",
        "userDefined": false
      },
      {
        "text": "g@h.com",
        "meta": "@sys.email",
        "alias": "email",
        "userDefined": true
      }
    ],
    "isTemplate": false,
    "count": 0,
    "lang": "es",
    "updated": 0
  }
]