[
  {
    "id": "3197bca9-3aa4-4632-8aa0-74b578bf569a",
    "data": [
      {
        "text": "Ver Menú",
        "userDefined": false
      }
    ],
    "isTemplate": false,
    "count": 0,
    "lang": "es",
    "updated": 0
  },
  {
    "id": "ec617c0d-cc45-4597-8b56-6a4a622fd3e3",
    "data": [
      {
        "text": "👀 Ver Menú",
        "userDefined": false
      }
    ],
    "isTemplate": false,
    "count": 0,
    "lang": "es",
    "updated": 0
  },
  {
    "id": "9c5e96ec-8f95-4a8a-bbf2-fb9349c21485",
    "data": [
      {
        "text": "🏍️ Pedir en línea",
        "userDefined": false
      }
    ],
    "isTemplate": false,
    "count": 0,
    "lang": "es",
    "updated": 0
  },
  {
    "id": "256d9b4d-a707-4d01-bf28-b9ba3f8a3bde",
    "data": [
      {
        "text": "pedir en linea",
        "userDefined": false
      }
    ],
    "isTemplate": false,
    "count": 0,
    "lang": "es",
    "updated": 0
  }
]