[
  {
    "id": "d784e730-8019-4ac7-9ed5-57a192606706",
    "data": [
      {
        "text": "quiero pedir ",
        "userDefined": false
      },
      {
        "text": "una pizza",
        "meta": "@sys.location",
        "alias": "location",
        "userDefined": false
      }
    ],
    "isTemplate": false,
    "count": 0,
    "lang": "es",
    "updated": 0
  },
  {
    "id": "39c5ce39-f293-4d8e-8ce4-bfa750664d19",
    "data": [
      {
        "text": "pedir ",
        "userDefined": false
      },
      {
        "text": "pizza",
        "meta": "@sys.location",
        "alias": "location",
        "userDefined": false
      }
    ],
    "isTemplate": false,
    "count": 0,
    "lang": "es",
    "updated": 0
  },
  {
    "id": "f080424c-f0cd-4328-87e1-8bf8481a2204",
    "data": [
      {
        "text": "pizzería",
        "meta": "@sys.location",
        "alias": "location",
        "userDefined": false
      }
    ],
    "isTemplate": false,
    "count": 0,
    "lang": "es",
    "updated": 0
  },
  {
    "id": "626d03c2-8514-4ecc-b93d-fc005bfc238f",
    "data": [
      {
        "text": "🍕Pizza",
        "userDefined": false
      }
    ],
    "isTemplate": false,
    "count": 0,
    "lang": "es",
    "updated": 0
  },
  {
    "id": "af33b7af-8e31-4a60-a8bd-1c8e3d0e5248",
    "data": [
      {
        "text": "pizza",
        "meta": "@sys.location",
        "alias": "location",
        "userDefined": false
      }
    ],
    "isTemplate": false,
    "count": 0,
    "lang": "es",
    "updated": 0
  }
]