[
  {
    "id": "648b1832-223e-4d38-aaf4-5fb345d98170",
    "data": [
      {
        "text": "pizza el dorado",
        "meta": "@sys.location",
        "alias": "location",
        "userDefined": true
      }
    ],
    "isTemplate": false,
    "count": 0,
    "lang": "es",
    "updated": 0
  },
  {
    "id": "901d5410-4490-4352-996b-88fa9697a80f",
    "data": [
      {
        "text": "Italianisimo",
        "meta": "@sys.location",
        "alias": "location",
        "userDefined": true
      }
    ],
    "isTemplate": false,
    "count": 0,
    "lang": "es",
    "updated": 0
  },
  {
    "id": "3651a0fa-7421-46d2-bb48-c96363824f58",
    "data": [
      {
        "text": "Delirio House",
        "meta": "@sys.location",
        "alias": "location",
        "userDefined": false
      }
    ],
    "isTemplate": false,
    "count": 0,
    "lang": "es",
    "updated": 0
  },
  {
    "id": "17df0597-1bd1-425f-83b4-6d5d3467434b",
    "data": [
      {
        "text": "Delirio",
        "userDefined": false
      }
    ],
    "isTemplate": false,
    "count": 0,
    "lang": "es",
    "updated": 0
  }
]