[
  {
    "id": "15fa4926-2adc-4106-b1aa-be43b1082490",
    "data": [
      {
        "text": "quiero dar ",
        "userDefined": false
      },
      {
        "text": "mi",
        "meta": "@sys.unit-length-name",
        "alias": "unit-length-name",
        "userDefined": false
      },
      {
        "text": " opinion sobre el modelo ",
        "userDefined": false
      },
      {
        "text": "Hawaiian Airlines",
        "meta": "@productos",
        "alias": "productos",
        "userDefined": false
      },
      {
        "text": ",",
        "userDefined": false
      }
    ],
    "isTemplate": false,
    "count": 0,
    "lang": "es",
    "updated": 0
  },
  {
    "id": "ab3537a6-87fe-40d4-9823-477ad156e89d",
    "data": [
      {
        "text": "queja sobre ",
        "userDefined": false
      },
      {
        "text": "una",
        "meta": "@sys.number",
        "alias": "number",
        "userDefined": false
      },
      {
        "text": " ",
        "userDefined": false
      },
      {
        "text": "dona",
        "meta": "@productos",
        "alias": "productos",
        "userDefined": false
      }
    ],
    "isTemplate": false,
    "count": 0,
    "lang": "es",
    "updated": 0
  },
  {
    "id": "47a3de53-385d-4e4b-a82c-8d8c8a875a4e",
    "data": [
      {
        "text": "Tu Opinion",
        "userDefined": false
      }
    ],
    "isTemplate": false,
    "count": 0,
    "lang": "es",
    "updated": 0
  },
  {
    "id": "ce83f547-7021-41c1-aeaf-bf8498a96753",
    "data": [
      {
        "text": "Calificar PoS",
        "userDefined": false
      }
    ],
    "isTemplate": false,
    "count": 0,
    "lang": "es",
    "updated": 0
  },
  {
    "id": "4c8fd525-b375-45a0-8c42-24a263e7c0c6",
    "data": [
      {
        "text": "⭐Calificar PoS",
        "meta": "@calificacionClientes",
        "alias": "calificacionclientes",
        "userDefined": false
      }
    ],
    "isTemplate": false,
    "count": 0,
    "lang": "es",
    "updated": 0
  },
  {
    "id": "f94b0084-dd4b-4703-b94e-1e76820dc7e7",
    "data": [
      {
        "text": " ",
        "userDefined": false
      },
      {
        "text": "abc",
        "meta": "@productos",
        "alias": "productos",
        "userDefined": true
      }
    ],
    "isTemplate": false,
    "count": 0,
    "lang": "es",
    "updated": 0
  }
]