[
  {
    "id": "6ff5d0b0-06e1-4783-b493-9aaaa5b018e6",
    "data": [
      {
        "text": "muy pobre",
        "meta": "@calificacionClientes",
        "alias": "calificacionclientes",
        "userDefined": false
      },
      {
        "text": " porque ",
        "userDefined": false
      },
      {
        "text": "A,B,C",
        "meta": "@sys.any",
        "alias": "any",
        "userDefined": true
      }
    ],
    "isTemplate": false,
    "count": 0,
    "lang": "es",
    "updated": 0
  },
  {
    "id": "588be982-8778-4df2-bdee-6845ff9b6cfb",
    "data": [
      {
        "text": "algo insatisfactorio",
        "meta": "@calificacionClientes",
        "alias": "calificacionclientes",
        "userDefined": false
      }
    ],
    "isTemplate": false,
    "count": 0,
    "lang": "es",
    "updated": 0
  },
  {
    "id": "2a877cf8-cc4d-4c80-be0e-539268e8df61",
    "data": [
      {
        "text": "sobre la media",
        "meta": "@calificacionClientes",
        "alias": "calificacionclientes",
        "userDefined": false
      }
    ],
    "isTemplate": false,
    "count": 0,
    "lang": "es",
    "updated": 0
  }
]