[
  {
    "id": "bc616dd8-3530-41da-98a9-8aec9e702a65",
    "data": [
      {
        "text": "Muy pobre",
        "meta": "@calificacionClientes",
        "alias": "calificacionClientes",
        "userDefined": true
      }
    ],
    "isTemplate": false,
    "count": 0,
    "lang": "es",
    "updated": 0
  },
  {
    "id": "2479faa9-d500-4fb9-88d8-ee3ea4e4fe97",
    "data": [
      {
        "text": "Algo insatisfactorio",
        "meta": "@calificacionClientes",
        "alias": "calificacionClientes",
        "userDefined": true
      }
    ],
    "isTemplate": false,
    "count": 0,
    "lang": "es",
    "updated": 0
  },
  {
    "id": "e876715c-4c1f-4163-808e-b780e0caf050",
    "data": [
      {
        "text": "Sobre la media",
        "meta": "@calificacionClientes",
        "alias": "calificacionClientes",
        "userDefined": true
      }
    ],
    "isTemplate": false,
    "count": 0,
    "lang": "es",
    "updated": 0
  },
  {
    "id": "7ce07d97-35a2-4edf-b1f1-27c505c55929",
    "data": [
      {
        "text": "Muy satisfactorio",
        "meta": "@calificacionClientes",
        "alias": "calificacionClientes",
        "userDefined": true
      }
    ],
    "isTemplate": false,
    "count": 0,
    "lang": "es",
    "updated": 0
  },
  {
    "id": "63e565a2-de67-49dd-8b2b-b7a9495f7277",
    "data": [
      {
        "text": "excelente",
        "meta": "@calificacionClientes",
        "alias": "calificacionClientes",
        "userDefined": true
      }
    ],
    "isTemplate": false,
    "count": 0,
    "lang": "es",
    "updated": 0
  }
]