[
  {
    "id": "8671350d-4704-4e78-8d55-c8db4533c51c",
    "data": [
      {
        "text": "quiero ",
        "userDefined": false
      },
      {
        "text": "un",
        "meta": "@sys.number",
        "alias": "numero",
        "userDefined": false
      },
      {
        "text": " ",
        "userDefined": false
      },
      {
        "text": "examen de la vista",
        "meta": "@servicios",
        "alias": "servicios",
        "userDefined": true
      },
      {
        "text": " a nombre de ",
        "userDefined": false
      },
      {
        "text": "Jorge",
        "meta": "@sys.person",
        "alias": "nombre",
        "userDefined": false
      },
      {
        "text": " para el ",
        "userDefined": false
      },
      {
        "text": "sabado 20 de Febrero",
        "meta": "@sys.date-time",
        "alias": "fecha",
        "userDefined": false
      },
      {
        "text": " a las ",
        "userDefined": false
      },
      {
        "text": "3 p.m.",
        "meta": "@sys.time",
        "alias": "hora",
        "userDefined": true
      },
      {
        "text": " ",
        "userDefined": false
      },
      {
        "text": "87373737",
        "meta": "@sys.number",
        "alias": "telefono",
        "userDefined": true
      }
    ],
    "isTemplate": false,
    "count": 0,
    "lang": "es",
    "updated": 0
  },
  {
    "id": "68fe15e0-174b-428a-a6e0-c241e0257d69",
    "data": [
      {
        "text": "examen computarizado",
        "meta": "@servicios",
        "alias": "servicios",
        "userDefined": false
      }
    ],
    "isTemplate": false,
    "count": 0,
    "lang": "es",
    "updated": 0
  },
  {
    "id": "3ae4c9ec-1691-4035-99a1-3e9c41dfbfdb",
    "data": [
      {
        "text": "examen de optometria",
        "meta": "@servicios",
        "alias": "servicios",
        "userDefined": false
      }
    ],
    "isTemplate": false,
    "count": 0,
    "lang": "es",
    "updated": 0
  },
  {
    "id": "a9d8c2af-650b-4cca-8c97-4ee2b61afb37",
    "data": [
      {
        "text": "examen visual",
        "meta": "@servicios",
        "alias": "servicios",
        "userDefined": false
      }
    ],
    "isTemplate": false,
    "count": 0,
    "lang": "es",
    "updated": 0
  }
]