[
  {
    "id": "097ce00b-6964-4fc7-82e5-dca6953e76ab",
    "data": [
      {
        "text": "quiero agendar ",
        "userDefined": false
      },
      {
        "text": "un",
        "meta": "@sys.number",
        "alias": "number",
        "userDefined": false
      },
      {
        "text": " examen de ",
        "userDefined": false
      },
      {
        "text": "oftalmologia",
        "meta": "@servicios",
        "alias": "servicios",
        "userDefined": false
      }
    ],
    "isTemplate": false,
    "count": 0,
    "lang": "es",
    "updated": 0
  },
  {
    "id": "55953368-eef0-4c20-b4a5-8afe6312b913",
    "data": [
      {
        "text": "me gustaria ",
        "userDefined": false
      },
      {
        "text": "un",
        "meta": "@sys.number",
        "alias": "number",
        "userDefined": false
      },
      {
        "text": " examen de la vista",
        "userDefined": false
      }
    ],
    "isTemplate": false,
    "count": 0,
    "lang": "es",
    "updated": 0
  },
  {
    "id": "2e51c3e9-c09e-4e93-be41-dd2ac3960611",
    "data": [
      {
        "text": "quiero comprar unos ",
        "userDefined": false
      },
      {
        "text": "lentes",
        "meta": "@servicios",
        "alias": "servicios",
        "userDefined": true
      }
    ],
    "isTemplate": false,
    "count": 0,
    "lang": "es",
    "updated": 0
  },
  {
    "id": "8efccb95-b4e2-4a0b-843a-ecb55967a9df",
    "data": [
      {
        "text": "ver ",
        "userDefined": false
      },
      {
        "text": "servicios",
        "meta": "@sys.location",
        "alias": "location",
        "userDefined": false
      }
    ],
    "isTemplate": false,
    "count": 0,
    "lang": "es",
    "updated": 0
  }
]